variable,lower_inclusive,upper_exclusive,tables
rows,0,5,1281
rows,5,10,6076
rows,10,25,7921
rows,25,50,4643
rows,50,100,79
rows,100,200,0
rows,200,1000,0
columns,0,2,0
columns,2,4,3037
columns,4,8,10778
columns,8,16,6004
columns,16,32,179
columns,32,64,2
columns,64,1000,0
sequence_tokens,0,512,1685
sequence_tokens,512,1024,5002
sequence_tokens,1024,2048,6584
sequence_tokens,2048,4096,5560
sequence_tokens,4096,8192,1167
sequence_tokens,8192,16385,2
native_crop_area_pixels,0,65536,19
native_crop_area_pixels,65536,262144,2938
native_crop_area_pixels,262144,1048576,11924
native_crop_area_pixels,1048576,4194304,5119
native_crop_area_pixels,4194304,16777216,0
native_crop_area_pixels,16777216,64000001,0
