version,stage,regions,unique_pages,page_denominator
GBDT_V6.1.1,eligible,670,462,1651
GBDT_V6.1.1,controller_evaluated,670,462,1651
GBDT_V6.1.1,nominal_scale_changed,670,462,1651
GBDT_V6.1.1,boundary_clipped,0,0,1651
GBDT_V6.1.1,requested_dimensions_changed,666,461,1651
GBDT_V6.1.1,processor_input_changed,666,461,1651
GBDT_V6.1.1,processor_input_unchanged,4,4,1651
GBDT_V6.1.1,processor_input_unknown,0,0,1651
GBDT_V6.1.1,ocr_requested,670,462,1651
GBDT_V6.1.1,ocr_submitted,670,462,1651
GBDT_V6.1.1,ocr_physically_completed,670,462,1651
GBDT_V6.1.1,ocr_failed,0,0,1651
GBDT_V6.1.1,ocr_submission_unknown,0,0,1651
GBDT_V6.1.1,ocr_reused,0,0,1651
GBDT_V6.1.1,actual_tensor_verified,670,462,1651
GBDT_V6.1.1,valid_reread,670,462,1651
GBDT_V6.1.1,candidate_canonical_changed,191,150,1651
GBDT_V6.1.1,applied_canonical_edit,191,150,1651
GBDT_V6.1.2,eligible,2371,324,1651
GBDT_V6.1.2,controller_evaluated,2371,324,1651
GBDT_V6.1.2,nominal_scale_changed,2371,324,1651
GBDT_V6.1.2,boundary_clipped,0,0,1651
GBDT_V6.1.2,requested_dimensions_changed,2242,318,1651
GBDT_V6.1.2,processor_input_changed,2242,318,1651
GBDT_V6.1.2,processor_input_unchanged,129,62,1651
GBDT_V6.1.2,processor_input_unknown,0,0,1651
GBDT_V6.1.2,ocr_requested,2371,324,1651
GBDT_V6.1.2,ocr_submitted,2371,324,1651
GBDT_V6.1.2,ocr_physically_completed,2371,324,1651
GBDT_V6.1.2,ocr_failed,0,0,1651
GBDT_V6.1.2,ocr_submission_unknown,0,0,1651
GBDT_V6.1.2,ocr_reused,0,0,1651
GBDT_V6.1.2,actual_tensor_verified,2371,324,1651
GBDT_V6.1.2,valid_reread,2371,324,1651
GBDT_V6.1.2,candidate_canonical_changed,340,172,1651
GBDT_V6.1.2,applied_canonical_edit,339,172,1651
GBDT_V6.1.3,eligible,3041,757,1651
GBDT_V6.1.3,controller_evaluated,3041,757,1651
GBDT_V6.1.3,nominal_scale_changed,3041,757,1651
GBDT_V6.1.3,boundary_clipped,0,0,1651
GBDT_V6.1.3,requested_dimensions_changed,2908,750,1651
GBDT_V6.1.3,processor_input_changed,2908,750,1651
GBDT_V6.1.3,processor_input_unchanged,133,66,1651
GBDT_V6.1.3,processor_input_unknown,0,0,1651
GBDT_V6.1.3,ocr_requested,3041,757,1651
GBDT_V6.1.3,ocr_submitted,3041,757,1651
GBDT_V6.1.3,ocr_physically_completed,3041,757,1651
GBDT_V6.1.3,ocr_failed,0,0,1651
GBDT_V6.1.3,ocr_submission_unknown,0,0,1651
GBDT_V6.1.3,ocr_reused,0,0,1651
GBDT_V6.1.3,actual_tensor_verified,3041,757,1651
GBDT_V6.1.3,valid_reread,3041,757,1651
GBDT_V6.1.3,candidate_canonical_changed,531,319,1651
GBDT_V6.1.3,applied_canonical_edit,529,319,1651
MLP_V6.2.1,eligible,670,462,1651
MLP_V6.2.1,controller_evaluated,670,462,1651
MLP_V6.2.1,nominal_scale_changed,670,462,1651
MLP_V6.2.1,boundary_clipped,0,0,1651
MLP_V6.2.1,requested_dimensions_changed,667,462,1651
MLP_V6.2.1,processor_input_changed,667,462,1651
MLP_V6.2.1,processor_input_unchanged,3,3,1651
MLP_V6.2.1,processor_input_unknown,0,0,1651
MLP_V6.2.1,ocr_requested,670,462,1651
MLP_V6.2.1,ocr_submitted,668,461,1651
MLP_V6.2.1,ocr_physically_completed,668,461,1651
MLP_V6.2.1,ocr_failed,0,0,1651
MLP_V6.2.1,ocr_submission_unknown,0,0,1651
MLP_V6.2.1,ocr_reused,2,2,1651
MLP_V6.2.1,actual_tensor_verified,670,462,1651
MLP_V6.2.1,valid_reread,670,462,1651
MLP_V6.2.1,candidate_canonical_changed,185,144,1651
MLP_V6.2.1,applied_canonical_edit,185,144,1651
MLP_V6.2.2,eligible,2371,324,1651
MLP_V6.2.2,controller_evaluated,2371,324,1651
MLP_V6.2.2,nominal_scale_changed,2371,324,1651
MLP_V6.2.2,boundary_clipped,0,0,1651
MLP_V6.2.2,requested_dimensions_changed,2343,323,1651
MLP_V6.2.2,processor_input_changed,2343,323,1651
MLP_V6.2.2,processor_input_unchanged,28,24,1651
MLP_V6.2.2,processor_input_unknown,0,0,1651
MLP_V6.2.2,ocr_requested,2371,324,1651
MLP_V6.2.2,ocr_submitted,2358,323,1651
MLP_V6.2.2,ocr_physically_completed,2358,323,1651
MLP_V6.2.2,ocr_failed,0,0,1651
MLP_V6.2.2,ocr_submission_unknown,0,0,1651
MLP_V6.2.2,ocr_reused,13,12,1651
MLP_V6.2.2,actual_tensor_verified,2371,324,1651
MLP_V6.2.2,valid_reread,2371,324,1651
MLP_V6.2.2,candidate_canonical_changed,370,183,1651
MLP_V6.2.2,applied_canonical_edit,368,183,1651
MLP_V6.2.3,eligible,3041,757,1651
MLP_V6.2.3,controller_evaluated,3041,757,1651
MLP_V6.2.3,nominal_scale_changed,3041,757,1651
MLP_V6.2.3,boundary_clipped,0,0,1651
MLP_V6.2.3,requested_dimensions_changed,3010,757,1651
MLP_V6.2.3,processor_input_changed,3010,757,1651
MLP_V6.2.3,processor_input_unchanged,31,27,1651
MLP_V6.2.3,processor_input_unknown,0,0,1651
MLP_V6.2.3,ocr_requested,3041,757,1651
MLP_V6.2.3,ocr_submitted,3026,756,1651
MLP_V6.2.3,ocr_physically_completed,3026,756,1651
MLP_V6.2.3,ocr_failed,0,0,1651
MLP_V6.2.3,ocr_submission_unknown,0,0,1651
MLP_V6.2.3,ocr_reused,15,14,1651
MLP_V6.2.3,actual_tensor_verified,3041,757,1651
MLP_V6.2.3,valid_reread,3041,757,1651
MLP_V6.2.3,candidate_canonical_changed,555,327,1651
MLP_V6.2.3,applied_canonical_edit,553,327,1651
