run_id,recipe,seed,step,partition,examples,common_generation_ce,generation_nll_numerator,valid_target_tokens,dropout,checkpoint_selection_used,historical_alias,internal_run_id
V8.1/seed0,V8.1,0,0,train,128,0.034650804735122165,2006.7118087273557,84717.0,False,False,V7.3.0,V7.3.0-seed0
V8.1/seed0,V8.1,0,0,dev,128,0.033415705694424425,2006.8676870525815,90994.0,False,False,V7.3.0,V7.3.0-seed0
V8.1/seed0,V8.1,0,250,train,128,0.015193273194995527,898.2099242992699,84717.0,False,False,V7.3.0,V7.3.0-seed0
V8.1/seed0,V8.1,0,250,dev,128,0.0133491755407249,837.095216628164,90994.0,False,False,V7.3.0,V7.3.0-seed0
V8.1/seed0,V8.1,0,500,train,128,0.012129746616039938,723.0407401174307,84717.0,False,False,V7.3.0,V7.3.0-seed0
V8.1/seed0,V8.1,0,500,dev,128,0.010698820100287776,681.9916299283504,90994.0,False,False,V7.3.0,V7.3.0-seed0
V8.1/seed0,V8.1,0,750,train,128,0.0105987434309327,649.6011649500579,84717.0,False,False,V7.3.0,V7.3.0-seed0
V8.1/seed0,V8.1,0,750,dev,128,0.009410199641791905,613.3290513977408,90994.0,False,False,V7.3.0,V7.3.0-seed0
V8.1/seed0,V8.1,0,1000,train,128,0.009698437909293034,617.9309622049332,84717.0,False,False,V7.3.0,V7.3.0-seed0
V8.1/seed0,V8.1,0,1000,dev,128,0.008903697046747538,568.050743734464,90994.0,False,False,V7.3.0,V7.3.0-seed0
V8.1/seed0,V8.1,0,1250,train,128,0.008957238734069506,592.6680422406644,84717.0,False,False,V7.3.0,V7.3.0-seed0
V8.1/seed0,V8.1,0,1250,dev,128,0.008893160631487262,566.8267055861652,90994.0,False,False,V7.3.0,V7.3.0-seed0
V8.1/seed0,V8.1,0,1500,train,128,0.008902496766864942,584.6363504678011,84717.0,False,False,V7.3.0,V7.3.0-seed0
V8.1/seed0,V8.1,0,1500,dev,128,0.008774402951971183,557.1000851672143,90994.0,False,False,V7.3.0,V7.3.0-seed0
V8.1/seed0,V8.1,0,1750,train,128,0.008567099746841222,575.2159544657916,84717.0,False,False,V7.3.0,V7.3.0-seed0
V8.1/seed0,V8.1,0,1750,dev,128,0.008635777709670833,553.6725399140269,90994.0,False,False,V7.3.0,V7.3.0-seed0
V8.1/seed0,V8.1,0,2000,train,128,0.008214986384274425,557.3116687946022,84717.0,False,False,V7.3.0,V7.3.0-seed0
V8.1/seed0,V8.1,0,2000,dev,128,0.008553645554329137,542.7294407496229,90994.0,False,False,V7.3.0,V7.3.0-seed0
V8.1/seed0,V8.1,0,2250,train,128,0.007771821586743499,533.349941669032,84717.0,False,False,V7.3.0,V7.3.0-seed0
V8.1/seed0,V8.1,0,2250,dev,128,0.00829754937304017,535.8237486137077,90994.0,False,False,V7.3.0,V7.3.0-seed0
V8.1/seed0,V8.1,0,2500,train,128,0.0076254848075620885,530.2882094606757,84717.0,False,False,V7.3.0,V7.3.0-seed0
V8.1/seed0,V8.1,0,2500,dev,128,0.008428704128405684,532.1655986858532,90994.0,False,False,V7.3.0,V7.3.0-seed0
V8.1/seed0,V8.1,0,2750,train,128,0.007337579735178679,514.3553135804832,84717.0,False,False,V7.3.0,V7.3.0-seed0
V8.1/seed0,V8.1,0,2750,dev,128,0.008324662849375386,529.1132846791297,90994.0,False,False,V7.3.0,V7.3.0-seed0
V8.1/seed0,V8.1,0,3000,train,128,0.007316283736543028,515.3701708503067,84717.0,False,False,V7.3.0,V7.3.0-seed0
V8.1/seed0,V8.1,0,3000,dev,128,0.00828969186152051,525.6410518409684,90994.0,False,False,V7.3.0,V7.3.0-seed0
V8.1/seed0,V8.1,0,3250,train,128,0.0071891100510868,509.70793698728085,84717.0,False,False,V7.3.0,V7.3.0-seed0
V8.1/seed0,V8.1,0,3250,dev,128,0.008248507548138662,522.848413287662,90994.0,False,False,V7.3.0,V7.3.0-seed0
V8.1/seed0,V8.1,0,3500,train,128,0.007188910320962805,511.57124960795045,84717.0,False,False,V7.3.0,V7.3.0-seed0
V8.1/seed0,V8.1,0,3500,dev,128,0.008254348824159763,523.7275652773678,90994.0,False,False,V7.3.0,V7.3.0-seed0
V8.1/seed0,V8.1,0,3750,train,128,0.007180832656615621,510.7884483989328,84717.0,False,False,V7.3.0,V7.3.0-seed0
V8.1/seed0,V8.1,0,3750,dev,128,0.008257175578414433,523.9099647551775,90994.0,False,False,V7.3.0,V7.3.0-seed0
V8.1/seed1,V8.1,1,0,train,128,0.034650804735122165,2006.7118087273557,84717.0,False,False,V7.3.0,V7.3.0-seed1
V8.1/seed1,V8.1,1,0,dev,128,0.033415705694424425,2006.8676870525815,90994.0,False,False,V7.3.0,V7.3.0-seed1
V8.1/seed1,V8.1,1,250,train,128,0.0148557903943356,893.0196366049349,84717.0,False,False,V7.3.0,V7.3.0-seed1
V8.1/seed1,V8.1,1,250,dev,128,0.01335150542686847,828.9697670377791,90994.0,False,False,V7.3.0,V7.3.0-seed1
V8.1/seed1,V8.1,1,500,train,128,0.01207015057514127,723.4030149579048,84717.0,False,False,V7.3.0,V7.3.0-seed1
V8.1/seed1,V8.1,1,500,dev,128,0.010197389970528548,663.8571410197765,90994.0,False,False,V7.3.0,V7.3.0-seed1
V8.1/seed1,V8.1,1,750,train,128,0.010571216675202777,653.9474377632141,84717.0,False,False,V7.3.0,V7.3.0-seed1
V8.1/seed1,V8.1,1,750,dev,128,0.009225085967770497,600.3256048653275,90994.0,False,False,V7.3.0,V7.3.0-seed1
V8.1/seed1,V8.1,1,1000,train,128,0.009612972060267566,617.173364517279,84717.0,False,False,V7.3.0,V7.3.0-seed1
V8.1/seed1,V8.1,1,1000,dev,128,0.009228819093010543,586.8678967347369,90994.0,False,False,V7.3.0,V7.3.0-seed1
V8.1/seed1,V8.1,1,1250,train,128,0.009134645859177226,584.6743997745216,84717.0,False,False,V7.3.0,V7.3.0-seed1
V8.1/seed1,V8.1,1,1250,dev,128,0.008855076769918924,565.969277549535,90994.0,False,False,V7.3.0,V7.3.0-seed1
V8.1/seed1,V8.1,1,1500,train,128,0.008737544447313894,573.5841194922104,84717.0,False,False,V7.3.0,V7.3.0-seed1
V8.1/seed1,V8.1,1,1500,dev,128,0.008511293036313816,548.0651781484485,90994.0,False,False,V7.3.0,V7.3.0-seed1
V8.1/seed1,V8.1,1,1750,train,128,0.00858774199954837,560.9255724027753,84717.0,False,False,V7.3.0,V7.3.0-seed1
V8.1/seed1,V8.1,1,1750,dev,128,0.008492560166700969,541.8835835950449,90994.0,False,False,V7.3.0,V7.3.0-seed1
V8.1/seed1,V8.1,1,2000,train,128,0.008154011905162406,538.4226421266794,84717.0,False,False,V7.3.0,V7.3.0-seed1
V8.1/seed1,V8.1,1,2000,dev,128,0.008477847796811488,539.888208867982,90994.0,False,False,V7.3.0,V7.3.0-seed1
V8.1/seed1,V8.1,1,2250,train,128,0.008088260259071944,523.2824273938313,84717.0,False,False,V7.3.0,V7.3.0-seed1
V8.1/seed1,V8.1,1,2250,dev,128,0.008226277057715947,526.4250089335255,90994.0,False,False,V7.3.0,V7.3.0-seed1
V8.1/seed1,V8.1,1,2500,train,128,0.007683154342998932,517.3411432728171,84717.0,False,False,V7.3.0,V7.3.0-seed1
V8.1/seed1,V8.1,1,2500,dev,128,0.008301203279899028,527.7444987841882,90994.0,False,False,V7.3.0,V7.3.0-seed1
V8.1/seed1,V8.1,1,2750,train,128,0.007521847161839901,508.02195031009614,84717.0,False,False,V7.3.0,V7.3.0-seed1
V8.1/seed1,V8.1,1,2750,dev,128,0.008297731191319713,524.9171643201262,90994.0,False,False,V7.3.0,V7.3.0-seed1
V8.1/seed1,V8.1,1,3000,train,128,0.007401967934498543,504.46641007065773,84717.0,False,False,V7.3.0,V7.3.0-seed1
V8.1/seed1,V8.1,1,3000,dev,128,0.008269266112598928,520.3173105143942,90994.0,False,False,V7.3.0,V7.3.0-seed1
V8.1/seed1,V8.1,1,3250,train,128,0.007327950689287377,501.73664979077876,84717.0,False,False,V7.3.0,V7.3.0-seed1
V8.1/seed1,V8.1,1,3250,dev,128,0.008113239875939371,516.7642828286625,90994.0,False,False,V7.3.0,V7.3.0-seed1
V8.1/seed1,V8.1,1,3500,train,128,0.007283413262541671,500.0827093310654,84717.0,False,False,V7.3.0,V7.3.0-seed1
V8.1/seed1,V8.1,1,3500,dev,128,0.008140433697931826,517.2934840451926,90994.0,False,False,V7.3.0,V7.3.0-seed1
V8.1/seed1,V8.1,1,3750,train,128,0.007301506467669583,501.2170189842582,84717.0,False,False,V7.3.0,V7.3.0-seed1
V8.1/seed1,V8.1,1,3750,dev,128,0.008154546800348328,518.2425990803167,90994.0,False,False,V7.3.0,V7.3.0-seed1
V8.2/seed0,V8.2,0,0,train,128,0.034650804735122165,2006.7118087273557,84717.0,False,False,V7.3.1,V7.3.1-seed0
V8.2/seed0,V8.2,0,0,dev,128,0.033415705694424425,2006.8676870525815,90994.0,False,False,V7.3.1,V7.3.1-seed0
V8.2/seed0,V8.2,0,250,train,128,0.013113100974464942,784.5143041983247,84717.0,False,False,V7.3.1,V7.3.1-seed0
V8.2/seed0,V8.2,0,250,dev,128,0.011160821870973336,730.1176955867559,90994.0,False,False,V7.3.1,V7.3.1-seed0
V8.2/seed0,V8.2,0,500,train,128,0.011115232584529622,672.5068686455488,84717.0,False,False,V7.3.1,V7.3.1-seed0
V8.2/seed0,V8.2,0,500,dev,128,0.009732187787648172,634.0529534947127,90994.0,False,False,V7.3.1,V7.3.1-seed0
V8.2/seed0,V8.2,0,750,train,128,0.0095366392617251,603.0060959840193,84717.0,False,False,V7.3.1,V7.3.1-seed0
V8.2/seed0,V8.2,0,750,dev,128,0.009228895474009846,598.3110608812422,90994.0,False,False,V7.3.1,V7.3.1-seed0
V8.2/seed0,V8.2,0,1000,train,128,0.009011031580129725,589.7371203834191,84717.0,False,False,V7.3.1,V7.3.1-seed0
V8.2/seed0,V8.2,0,1000,dev,128,0.008808246864887792,553.8489632126875,90994.0,False,False,V7.3.1,V7.3.1-seed0
V8.2/seed0,V8.2,0,1250,train,128,0.0083312872503285,565.908797500655,84717.0,False,False,V7.3.1,V7.3.1-seed0
V8.2/seed0,V8.2,0,1250,dev,128,0.008779868275048841,559.7274401644245,90994.0,False,False,V7.3.1,V7.3.1-seed0
V8.2/seed0,V8.2,0,1500,train,128,0.007997855989941627,543.5184977091849,84717.0,False,False,V7.3.1,V7.3.1-seed0
V8.2/seed0,V8.2,0,1500,dev,128,0.009122708738246388,580.0517865102738,90994.0,False,False,V7.3.1,V7.3.1-seed0
V8.2/seed0,V8.2,0,1750,train,128,0.007758302855691568,528.0161858778447,84717.0,False,False,V7.3.1,V7.3.1-seed0
V8.2/seed0,V8.2,0,1750,dev,128,0.008583902544017974,546.6549257710576,90994.0,False,False,V7.3.1,V7.3.1-seed0
V8.2/seed0,V8.2,0,2000,train,128,0.007275680225433234,510.8998652435839,84717.0,False,False,V7.3.1,V7.3.1-seed0
V8.2/seed0,V8.2,0,2000,dev,128,0.008563080409935253,539.7973791812547,90994.0,False,False,V7.3.1,V7.3.1-seed0
V8.2/seed0,V8.2,0,2250,train,128,0.006780882002814792,478.67933870851994,84717.0,False,False,V7.3.1,V7.3.1-seed0
V8.2/seed0,V8.2,0,2250,dev,128,0.008211516848952272,525.2672383859754,90994.0,False,False,V7.3.1,V7.3.1-seed0
V8.2/seed0,V8.2,0,2500,train,128,0.006693250017150376,473.99147319979966,84717.0,False,False,V7.3.1,V7.3.1-seed0
V8.2/seed0,V8.2,0,2500,dev,128,0.008437307972641861,526.4299942962825,90994.0,False,False,V7.3.1,V7.3.1-seed0
V8.2/seed0,V8.2,0,2750,train,128,0.006469916108912344,460.1973128942773,84717.0,False,False,V7.3.1,V7.3.1-seed0
V8.2/seed0,V8.2,0,2750,dev,128,0.00842186073231943,527.6413514362648,90994.0,False,False,V7.3.1,V7.3.1-seed0
V8.2/seed0,V8.2,0,3000,train,128,0.00646116727519086,460.8165352847427,84717.0,False,False,V7.3.1,V7.3.1-seed0
V8.2/seed0,V8.2,0,3000,dev,128,0.008296445772344896,521.2417839495465,90994.0,False,False,V7.3.1,V7.3.1-seed0
V8.2/seed0,V8.2,0,3250,train,128,0.006306466879436812,454.6917545199394,84717.0,False,False,V7.3.1,V7.3.1-seed0
V8.2/seed0,V8.2,0,3250,dev,128,0.008297548845973779,519.1554017420858,90994.0,False,False,V7.3.1,V7.3.1-seed0
V8.2/seed0,V8.2,0,3500,train,128,0.006287249175997545,454.5332237314433,84717.0,False,False,V7.3.1,V7.3.1-seed0
V8.2/seed0,V8.2,0,3500,dev,128,0.00834167574877398,520.9855140559375,90994.0,False,False,V7.3.1,V7.3.1-seed0
V8.2/seed0,V8.2,0,3750,train,128,0.006287236007068486,453.9545513354242,84717.0,False,False,V7.3.1,V7.3.1-seed0
V8.2/seed0,V8.2,0,3750,dev,128,0.008328736231305811,520.2457560226321,90994.0,False,False,V7.3.1,V7.3.1-seed0
V8.2/seed1,V8.2,1,0,train,128,0.034650804735122165,2006.7118087273557,84717.0,False,False,V7.3.1,V7.3.1-seed1
V8.2/seed1,V8.2,1,0,dev,128,0.033415705694424425,2006.8676870525815,90994.0,False,False,V7.3.1,V7.3.1-seed1
V8.2/seed1,V8.2,1,250,train,128,0.012711298852877917,768.0943651720881,84717.0,False,False,V7.3.1,V7.3.1-seed1
V8.2/seed1,V8.2,1,250,dev,128,0.011499462103444102,746.3375293705612,90994.0,False,False,V7.3.1,V7.3.1-seed1
V8.2/seed1,V8.2,1,500,train,128,0.011180995261383941,671.0366614088416,84717.0,False,False,V7.3.1,V7.3.1-seed1
V8.2/seed1,V8.2,1,500,dev,128,0.009768802365329066,636.1456584408879,90994.0,False,False,V7.3.1,V7.3.1-seed1
V8.2/seed1,V8.2,1,750,train,128,0.010075677683957451,640.9201519712806,84717.0,False,False,V7.3.1,V7.3.1-seed1
V8.2/seed1,V8.2,1,750,dev,128,0.009527428280833306,609.8170247608796,90994.0,False,False,V7.3.1,V7.3.1-seed1
V8.2/seed1,V8.2,1,1000,train,128,0.009237949481445185,602.1889545023441,84717.0,False,False,V7.3.1,V7.3.1-seed1
V8.2/seed1,V8.2,1,1000,dev,128,0.009206281053089072,575.8999468828551,90994.0,False,False,V7.3.1,V7.3.1-seed1
V8.2/seed1,V8.2,1,1250,train,128,0.008430329343084964,554.3746549123898,84717.0,False,False,V7.3.1,V7.3.1-seed1
V8.2/seed1,V8.2,1,1250,dev,128,0.008818380239141277,553.0051015457138,90994.0,False,False,V7.3.1,V7.3.1-seed1
V8.2/seed1,V8.2,1,1500,train,128,0.007916083557560682,546.9249683059752,84717.0,False,False,V7.3.1,V7.3.1-seed1
V8.2/seed1,V8.2,1,1500,dev,128,0.008742956513643207,548.1160561712459,90994.0,False,False,V7.3.1,V7.3.1-seed1
V8.2/seed1,V8.2,1,1750,train,128,0.008010295163444425,538.9281550180167,84717.0,False,False,V7.3.1,V7.3.1-seed1
V8.2/seed1,V8.2,1,1750,dev,128,0.008819323375057309,549.6668327245861,90994.0,False,False,V7.3.1,V7.3.1-seed1
V8.2/seed1,V8.2,1,2000,train,128,0.007395896538440638,504.0517569091171,84717.0,False,False,V7.3.1,V7.3.1-seed1
V8.2/seed1,V8.2,1,2000,dev,128,0.008702644565111939,537.4663100312464,90994.0,False,False,V7.3.1,V7.3.1-seed1
V8.2/seed1,V8.2,1,2250,train,128,0.00721269943403513,488.44624569732696,84717.0,False,False,V7.3.1,V7.3.1-seed1
V8.2/seed1,V8.2,1,2250,dev,128,0.00847170422547805,523.5854279729538,90994.0,False,False,V7.3.1,V7.3.1-seed1
V8.2/seed1,V8.2,1,2500,train,128,0.0067758570581872846,473.4589999848977,84717.0,False,False,V7.3.1,V7.3.1-seed1
V8.2/seed1,V8.2,1,2500,dev,128,0.008312274729306068,521.1000383151695,90994.0,False,False,V7.3.1,V7.3.1-seed1
V8.2/seed1,V8.2,1,2750,train,128,0.006596618424708822,465.2314956309274,84717.0,False,False,V7.3.1,V7.3.1-seed1
V8.2/seed1,V8.2,1,2750,dev,128,0.008430905976403835,525.5404691244476,90994.0,False,False,V7.3.1,V7.3.1-seed1
V8.2/seed1,V8.2,1,3000,train,128,0.006532207611272156,462.0747923972085,84717.0,False,False,V7.3.1,V7.3.1-seed1
V8.2/seed1,V8.2,1,3000,dev,128,0.008399990946628577,521.7321580136195,90994.0,False,False,V7.3.1,V7.3.1-seed1
V8.2/seed1,V8.2,1,3250,train,128,0.00648749776769364,458.98317163810134,84717.0,False,False,V7.3.1,V7.3.1-seed1
V8.2/seed1,V8.2,1,3250,dev,128,0.00825173508499688,514.1469495850615,90994.0,False,False,V7.3.1,V7.3.1-seed1
V8.2/seed1,V8.2,1,3500,train,128,0.0064275134290596725,457.3399905823171,84717.0,False,False,V7.3.1,V7.3.1-seed1
V8.2/seed1,V8.2,1,3500,dev,128,0.008269574815379599,515.2548677478917,90994.0,False,False,V7.3.1,V7.3.1-seed1
V8.2/seed1,V8.2,1,3750,train,128,0.006419800526145991,456.91054228600115,84717.0,False,False,V7.3.1,V7.3.1-seed1
V8.2/seed1,V8.2,1,3750,dev,128,0.0082504857106116,514.3346129786223,90994.0,False,False,V7.3.1,V7.3.1-seed1
V8.3/seed0,V8.3,0,0,train,128,0.034650804735122165,2006.7118087273557,84717.0,False,False,V7.3.2,V7.3.2-seed0
V8.3/seed0,V8.3,0,0,dev,128,0.033415705694424425,2006.8676870525815,90994.0,False,False,V7.3.2,V7.3.2-seed0
V8.3/seed0,V8.3,0,250,train,128,0.013535847608295626,812.5869801528752,84717.0,False,False,V7.3.2,V7.3.2-seed0
V8.3/seed0,V8.3,0,250,dev,128,0.01121421426378788,743.7486091908067,90994.0,False,False,V7.3.2,V7.3.2-seed0
V8.3/seed0,V8.3,0,500,train,128,0.011549713866543243,705.0317167080939,84717.0,False,False,V7.3.2,V7.3.2-seed0
V8.3/seed0,V8.3,0,500,dev,128,0.010162943030337601,671.2641167286783,90994.0,False,False,V7.3.2,V7.3.2-seed0
V8.3/seed0,V8.3,0,750,train,128,0.009914728611875034,635.3918397724628,84717.0,False,False,V7.3.2,V7.3.2-seed0
V8.3/seed0,V8.3,0,750,dev,128,0.009605441135690285,631.7737539773807,90994.0,False,False,V7.3.2,V7.3.2-seed0
V8.3/seed0,V8.3,0,1000,train,128,0.009350830447743874,617.6267519369721,84717.0,False,False,V7.3.2,V7.3.2-seed0
V8.3/seed0,V8.3,0,1000,dev,128,0.009370985840917001,604.0235207378864,90994.0,False,False,V7.3.2,V7.3.2-seed0
V8.3/seed0,V8.3,0,1250,train,128,0.008671862163851074,598.8075145743787,84717.0,False,False,V7.3.2,V7.3.2-seed0
V8.3/seed0,V8.3,0,1250,dev,128,0.009301632478496913,600.4559763595462,90994.0,False,False,V7.3.2,V7.3.2-seed0
V8.3/seed0,V8.3,0,1500,train,128,0.008937753081369237,591.1045734137297,84717.0,False,False,V7.3.2,V7.3.2-seed0
V8.3/seed0,V8.3,0,1500,dev,128,0.00932240707567189,601.3384704235941,90994.0,False,False,V7.3.2,V7.3.2-seed0
V8.3/seed0,V8.3,0,1750,train,128,0.008104580773363068,567.6543541401625,84717.0,False,False,V7.3.2,V7.3.2-seed0
V8.3/seed0,V8.3,0,1750,dev,128,0.008995213483430575,580.2435315679759,90994.0,False,False,V7.3.2,V7.3.2-seed0
V8.3/seed0,V8.3,0,2000,train,128,0.0076271482219851805,545.1465151831508,84717.0,False,False,V7.3.2,V7.3.2-seed0
V8.3/seed0,V8.3,0,2000,dev,128,0.008870559747279572,565.6394601976499,90994.0,False,False,V7.3.2,V7.3.2-seed0
V8.3/seed0,V8.3,0,2250,train,128,0.0071399445590714095,515.44658966735,84717.0,False,False,V7.3.2,V7.3.2-seed0
V8.3/seed0,V8.3,0,2250,dev,128,0.008610716025771126,556.3862699409947,90994.0,False,False,V7.3.2,V7.3.2-seed0
V8.3/seed0,V8.3,0,2500,train,128,0.007053440822829771,502.4462310951203,84717.0,False,False,V7.3.2,V7.3.2-seed0
V8.3/seed0,V8.3,0,2500,dev,128,0.008852279050898915,558.2114267488942,90994.0,False,False,V7.3.2,V7.3.2-seed0
V8.3/seed0,V8.3,0,2750,train,128,0.006833226355269062,489.0710495915264,84717.0,False,False,V7.3.2,V7.3.2-seed0
V8.3/seed0,V8.3,0,2750,dev,128,0.00873262801340502,554.1521060774103,90994.0,False,False,V7.3.2,V7.3.2-seed0
V8.3/seed0,V8.3,0,3000,train,128,0.006892835645686546,493.4767397046089,84717.0,False,False,V7.3.2,V7.3.2-seed0
V8.3/seed0,V8.3,0,3000,dev,128,0.0085865024524594,547.3462517550215,90994.0,False,False,V7.3.2,V7.3.2-seed0
V8.3/seed0,V8.3,0,3250,train,128,0.006736595696395398,486.623130409047,84717.0,False,False,V7.3.2,V7.3.2-seed0
V8.3/seed0,V8.3,0,3250,dev,128,0.008573165115251413,544.7858134200796,90994.0,False,False,V7.3.2,V7.3.2-seed0
V8.3/seed0,V8.3,0,3500,train,128,0.006734255120136368,485.57264242880046,84717.0,False,False,V7.3.2,V7.3.2-seed0
V8.3/seed0,V8.3,0,3500,dev,128,0.008587783461877052,545.6791936280206,90994.0,False,False,V7.3.2,V7.3.2-seed0
V8.3/seed0,V8.3,0,3750,train,128,0.006734180786224897,486.55284933466464,84717.0,False,False,V7.3.2,V7.3.2-seed0
V8.3/seed0,V8.3,0,3750,dev,128,0.0085680974520983,545.8660715064034,90994.0,False,False,V7.3.2,V7.3.2-seed0
V8.3/seed1,V8.3,1,0,train,128,0.034650804735122165,2006.7118087273557,84717.0,False,False,V7.3.2,V7.3.2-seed1
V8.3/seed1,V8.3,1,0,dev,128,0.033415705694424425,2006.8676870525815,90994.0,False,False,V7.3.2,V7.3.2-seed1
V8.3/seed1,V8.3,1,250,train,128,0.013210111076659814,794.1096003651619,84717.0,False,False,V7.3.2,V7.3.2-seed1
V8.3/seed1,V8.3,1,250,dev,128,0.011673895529838774,763.3844813965261,90994.0,False,False,V7.3.2,V7.3.2-seed1
V8.3/seed1,V8.3,1,500,train,128,0.011371502585461712,690.5026969499886,84717.0,False,False,V7.3.2,V7.3.2-seed1
V8.3/seed1,V8.3,1,500,dev,128,0.01003333545344276,663.9709741715342,90994.0,False,False,V7.3.2,V7.3.2-seed1
V8.3/seed1,V8.3,1,750,train,128,0.009920831098668259,647.0728428605944,84717.0,False,False,V7.3.2,V7.3.2-seed1
V8.3/seed1,V8.3,1,750,dev,128,0.00963584559920605,629.1111536044627,90994.0,False,False,V7.3.2,V7.3.2-seed1
V8.3/seed1,V8.3,1,1000,train,128,0.009433531383422178,622.3960416354239,84717.0,False,False,V7.3.2,V7.3.2-seed1
V8.3/seed1,V8.3,1,1000,dev,128,0.010186507226137564,639.46237862017,90994.0,False,False,V7.3.2,V7.3.2-seed1
V8.3/seed1,V8.3,1,1250,train,128,0.008566015031533425,580.4177159518003,84717.0,False,False,V7.3.2,V7.3.2-seed1
V8.3/seed1,V8.3,1,1250,dev,128,0.009124167494618973,592.9065226176754,90994.0,False,False,V7.3.2,V7.3.2-seed1
V8.3/seed1,V8.3,1,1500,train,128,0.00828907305657367,574.4301428180188,84717.0,False,False,V7.3.2,V7.3.2-seed1
V8.3/seed1,V8.3,1,1500,dev,128,0.009252874308558034,582.5921676661819,90994.0,False,False,V7.3.2,V7.3.2-seed1
V8.3/seed1,V8.3,1,1750,train,128,0.008351674880003657,568.7384735327214,84717.0,False,False,V7.3.2,V7.3.2-seed1
V8.3/seed1,V8.3,1,1750,dev,128,0.008998970502290149,570.9875552440062,90994.0,False,False,V7.3.2,V7.3.2-seed1
V8.3/seed1,V8.3,1,2000,train,128,0.008088064012497398,549.9548667799681,84717.0,False,False,V7.3.2,V7.3.2-seed1
V8.3/seed1,V8.3,1,2000,dev,128,0.009090201398592512,564.9010293157771,90994.0,False,False,V7.3.2,V7.3.2-seed1
V8.3/seed1,V8.3,1,2250,train,128,0.007820513190040401,532.2326646968722,84717.0,False,False,V7.3.2,V7.3.2-seed1
V8.3/seed1,V8.3,1,2250,dev,128,0.008944205182402243,556.7043956741691,90994.0,False,False,V7.3.2,V7.3.2-seed1
V8.3/seed1,V8.3,1,2500,train,128,0.007336319473040476,513.7976326178759,84717.0,False,False,V7.3.2,V7.3.2-seed1
V8.3/seed1,V8.3,1,2500,dev,128,0.008799092667601371,555.3785627242178,90994.0,False,False,V7.3.2,V7.3.2-seed1
V8.3/seed1,V8.3,1,2750,train,128,0.00718100176010239,502.05749079212546,84717.0,False,False,V7.3.2,V7.3.2-seed1
V8.3/seed1,V8.3,1,2750,dev,128,0.008882645612857232,557.2801123037934,90994.0,False,False,V7.3.2,V7.3.2-seed1
V8.3/seed1,V8.3,1,3000,train,128,0.007100532916581415,500.3922723643482,84717.0,False,False,V7.3.2,V7.3.2-seed1
V8.3/seed1,V8.3,1,3000,dev,128,0.00879978910577961,551.5720786135644,90994.0,False,False,V7.3.2,V7.3.2-seed1
V8.3/seed1,V8.3,1,3250,train,128,0.007018337097804306,495.0391545817256,84717.0,False,False,V7.3.2,V7.3.2-seed1
V8.3/seed1,V8.3,1,3250,dev,128,0.008706089368786252,547.0491482131183,90994.0,False,False,V7.3.2,V7.3.2-seed1
V8.3/seed1,V8.3,1,3500,train,128,0.006954935421532582,492.6702006664127,84717.0,False,False,V7.3.2,V7.3.2-seed1
V8.3/seed1,V8.3,1,3500,dev,128,0.008702789211710638,546.5896062944084,90994.0,False,False,V7.3.2,V7.3.2-seed1
V8.3/seed1,V8.3,1,3750,train,128,0.006963817077803469,492.50288584269583,84717.0,False,False,V7.3.2,V7.3.2-seed1
V8.3/seed1,V8.3,1,3750,dev,128,0.00871691663722629,547.13599824626,90994.0,False,False,V7.3.2,V7.3.2-seed1
